Workbook

Sheet MAKLUMAT ASAS
C2: MAKLUMAT PEMILIK PERNIAGAAN
B4: NAMA | C4: NUR SHUHAIRULNADWA BINTI AHMAD
B5: IC | C5: 941108025272
B6: ALAMAT | C6: 113 A JALAN MAKAM DIRAJA LANGGAR
C7: 06500 ALOR SETAR,KEDAH
B8: NO PENDAFTARAN PERNIAGAAN | C8: 202303144031 (TR0285527-D)
B9: NAMA SYARIKAT | C9: ANM DESIGN & BUILD
B10: E-MEL | C10: anmdesignbuild@yahoo.com
B11: NAMA FAIL | C11: PENYATA KEWANGAN 2024
B12: NO TELEFON | C12: 0109128131
B14: IC IBU | C14: 580703025866
B15: IC BAPA | C15: 590524085053
B16: KOD AKTIVITI PERNIAGAAN | C16: 85491 pusat tuisyen
B17: INSURA NYAWA | C17: 166 sebulan
B18: INSURAN HIBAH | C18: 200 sebulan
B19: BUKU | C19: 50 sebulan
B20: INTERNET | C20: 80 sebulan
... B22: BANK | C22: CIMB 8601911673

Sheet LEJAR
B2: PENDAPATAN 2024
B4: PERKARA | C4: JUALAN ATAU PEROLEHAN | G4: Jumlah
B5: Bulan
B6: Januari | C6: 175703 | G6: =SUM(C6:F6) -> 175703
B7: Februari | C7: 168785 | G7: =SUM(C7:F7) -> 168785
B8: Mac | C8: 198806 | G8: =SUM(C8:F8) -> 198806
B9: April | C9: 166206.94 | G9: =SUM(C9:F9) -> 166206.94
B10: Mei | C10: 337091.9 | G10: =SUM(C10:F10) -> 337091.9
B11: Jun | C11: 219335 | G11: =SUM(C11:F11) -> 219335
B12: Julai | C12: 386225 | G12: =SUM(C12:F12) -> 386225
B13: Ogos | C13: 292210 | G13: =SUM(C13:F13) -> 292210
B14: September | C14: 250546 | G14: =SUM(C14:F14) -> 250546
B15: Oktober | C15: 266550 | G15: =SUM(C15:F15) -> 266550
B16: November | C16: 255128.48 | G16: =SUM(C16:F16) -> 255128.48
B17: Disember | C17: 254323.4 | G17: =SUM(C17:F17) -> 254323.4
F19: JUMLAH | G19: =SUM(G6:G17) -> 2970910.7
B21: PERBELANJAAN 2024 | G21: Perbelanjaan Tidak dibenarkan | I21: =SUM(E38,G38,I26)*0.66 -> 7167.93
G22: Perbelanjaan Ditambah Semula | I22: =SUM(I26,E38,G38) *0.66 -> 7167.93
B24: PERKARA | C24: Modal Kerja | D24: Gaji & elaun pekerja | E24: Penyelenggaraan | F24: Komisyen lain | G24: Perjalanan & Pengangkutan | H24: Sewaan | I24: Lain-lain | J24: Catatan
B25: Bulan
B26: Jan | C26: 113427.18 | D26: 47333.15 | E26: 0 | F26: 0 | G26: 0 | H26: 600 | I26: 8510.5 | J26: Telefon &internet(tahunan)
B27: Feb | C27: 96313.15 | D27: 33500 | E27: 0 | F27: 0 | G27: 0 | H27: 450 | I27: 0 | J27: Caj Perakaunan(tahunan)
B28: Mac | C28: 142843.94 | D28: 40240.3 | E28: 0 | F28: 0 | G28: 0 | H28: 350 | I28: 4091 | J28: Promosi dan iklan( tahunan)
B29: April | C29: 101429.77 | D29: 43550 | E29: 0 | F29: 1500 | G29: 0 | H29: 350 | I29: 950 | J29: Alatan pejabat (tahunan)
B30: Mei | C30: 162631.23 | D30: 42126 | E30: 0 | F30: 2920 | G30: 0 | H30: 50 | I30: 350 | J30: Lesen,ssm(tahunan)
B31: Jun | C31: 203643.38 | D31: 4700 | E31: 540 | F31: 1500 | G31: 0 | H31: 350 | I31: 0 | J31: Pos dan runner(tahunan)
B32: Julai | C32: 194516.92 | D32: 18400 | E32: 0 | F32: 0 | G32: 130 | H32: 1050 | I32: 0 | J32: Fotostat & Alatulis(tahunan)
B33: Ogos | C33: 241432.17 | D33: 7200 | E33: 0 | F33: 0 | G33: 0 | H33: 0 | I33: 0 | J33: Penginapan(tahunan)
B34: September | C34: 211442.1 | D34: 7600 | E34: 0 | F34: 0 | G34: 0 | I34: 0 | J34: Caj bank(tahunan)
B35: Oktober | C35: 201063.01 | D35: 8020 | E35: 0 | F35: 0 | G35: 380 | H35: 350 | I35: 0 | J35: Program CSR (tahunan)
B36: November | C36: 205288.04 | D36: 13700 | E36: 0 | F36: 0 | G36: 1300 | H36: 350 | I36: 3090 | J36: Utiliti(tahunan)
B37: Disember | C37: 236453.19 | D37: 8700 | E37: 0 | F37: 3000 | G37: 0 | H37: 0 | I37: 150 | J37: Lain-lain( tahunan)
B38: Jumlah | C38: =SUM(C26:C37) -> 2110484.1 | D38: =SUM(D26:D37) -> 275069.45 | E38: =SUM(E26:E37) -> 540 | F38: =SUM(F26:F37) -> 8920 | G38: =SUM(G26:G37) -> 1810 | H38: =SUM(H26:H37) -> 3900 | I38: =SUM(I26:I37,C38:H38) -> 2417865 | J38: Jumlah Besar Perbelanjaan

Sheet PNL
A1: ='MAKLUMAT ASAS'!C9 -> ANM DESIGN & BUILD
A2: ='MAKLUMAT ASAS'!C8 -> 202303144031 (TR0285527-D)
A3: PENYATA UNTUNG RUGI BAGI TAHUN
A4: BERAKHIR PADA 31-12-2024
A6: PENDAPATAN : | B6: RM | D6: RM | F6: RM
A8: PENDAPATAN KASAR | F8: =LEJAR!G19 -> 2970910.7
A10: Tolak : KOS BARANG JUALAN
A11: Stok awal
A12: Belian dan kos pengeluaran | B12: =LEJAR!C38 -> 2110484.1
A14: Stok akhir
A16: Kos barang dijual
A17: UNTUNG KASAR | F17: =SUM(F8-B11-B12+D14) -> 860426.64
A19: PENDAPATAN LAIN:
A20: PENDAPATAN TAMBAHAN
A22: JUMLAH PENDAPATAN | F22: =SUM(F17+F19) -> 860426.64
A25: Tolak : PERBELANJAAN
A26: Gaji/elaun | B26: =LEJAR!D38 -> 275069.45
A27: Sewaan | B27: =LEJAR!H38 -> 3900
A28: Perjalanan dan pengangkutan | B28: =LEJAR!G38 -> 1810
A29: Penyelenggaraan | B29: =LEJAR!E38 -> 540
A30: Jumlah Perbelanjaan | D30: =B26+B27+B28+B29 -> 281319.45
A32: Lain-lain perbelanjaan
A33: Telefon dan Internet | B33: =LEJAR!I26 -> 8510.5
A34: Caj perakaunan | B34: =LEJAR!I27 -> 0
A35: Promosi dan iklan | B35: =LEJAR!I28 -> 4091
A36: Alatan pejabat | B36: =LEJAR!I29 -> 950
A37: Cukai Pintu/SSM | B37: =LEJAR!I30 -> 350
A38: Pos & Runner | B38: =LEJAR!I31 -> 0
A39: Fotostat dan Alatulis | B39: =LEJAR!I32 -> 0
A40: Penginapan | B40: =LEJAR!I33 -> 0
A41: Program CSR | B41: =LEJAR!I35 -> 0
A42: Caj Bank | B42: =LEJAR!I34 -> 0
A43: Utiliti | B43: =LEJAR!I36 -> 3090
A44: Lain-lain & Subkontrak | B44: =SUM(LEJAR!I37,LEJAR!F38) -> 9070
A45: Jumlah lain-lain perbelanjaan | D45: =SUM(B33:B44) -> 26061.5
A47: Jumlah Perbelanjaan Keseluruhan | D47: =SUM(D30+D45) -> 307380.95
A49: UNTUNG BERSIH | F49: =SUM(F22-D47) -> 553045.69
A51: PERBELANJAAN TIDAK DIBENARKAN | B51: =LEJAR!I21 -> 7167.93
A52: PERBELANJAAN DITAMBAH SEMULA | B52: =LEJAR!I22 -> 7167.93
A53: PENDAPATAN BERKANUN 2024 | F53: =SUM(F49,B51) -> 560213.62

Sheet KUNCI KIRA KIRA
A1: ='MAKLUMAT ASAS'!C9 -> ANM DESIGN & BUILD
A2: KUNCI KIRA-KIRA BAGI TAHUN BERAKHIR
A3: PADA 31-31.12.2024
A4: ='MAKLUMAT ASAS'!C8 -> 202303144031 (TR0285527-D)
A6: TANGGUNGAN.
E7: RM | L7: RM
A8: MODAL PERMULAAN | E8: 20000
A9: MODAL TAMBAHAN | E9: 0
E10: 0
A11: PENYATA UNTUNG RUGI : | F11: ASET-ASET HARTA TETAP :
D12: RM | J12: RM | L12: RM | N12: RM
I13: % | J13: nilai pada | L13: susut nilai | N13: Nilai pada
A14: Baki bawa hadapan | J14: 1.1.2024 | N14: 31.12.2024
A15: Campur Untung | D15: =PNL!F49 -> 553045.69 | F15: Tanah & bangunan | I15: 10 | J15: 76500 | L15: =J15*I15/100 -> 7650 | N15: =J15-L15 -> 68850
D16: =SUM(D14,D15) -> 553045.69 | F16: Loji & Jentera | I16: 14 | L16: =J16*I16/100 -> 0 | N16: =J16-L16 -> 0
A17: Tolak Ambilan | D17: 0 | E17: =SUM(D15-D17) -> 553045.69 | F17: Kenderaan | I17: 20 | J17: 2880 | L17: =J17*I17/100 -> 576 | N17: =J17-L17 -> 2304
A18: Pendapatan | E18: =SUM(E8:E17) -> 573045.69 | F18: Aset tetap lain | I18: 10 | J18: 0 | L18: =J18*I18/100 -> 0 | N18: =J18-L18 -> 0
J23: =J16+J15+J17+J18+J19+J20+J21 -> 79380 | L23: =L16+L15+L17+L18+L19+L20+L21 -> 8226 | N23: =N16+N15+N17+N18+N19+N20+N21 -> 71154
F24: ASET SEMASA :
A25: LIABILITI | F25: Stok | L25: 0
A26: Pemiutang | E26: 0 | F26: Penghutang Dagangan
A27: Deposit diterima | E27: 0 | F27: Penghutang lain
A28: pinjaman | F28: Baki Tunai
A29: overdraft bank | F29: Baki dalam bank | L29: 20000
F30: Aset semasa lain | L30: 58400
E31: =SUM(E18:E29) -> 573045.69 | L31: =SUM(N23,L25,L26,L27,L28,L29,L30) -> 149554
A37: SAYA SAHKAN BAHAWA PENYATA UNTUNG RUGI DAN KUNCI KIRA-KIRA YANG DI BUAT
A38: BAGI SYARIKAT A UNTUK TAHUN BERAKHIR PADA 31-12-2024
A39: ADALAH BETUL DAN BENAR.
A41: TANDATANGAN YANG MEMBUAT PENYATA
A44: ='MAKLUMAT ASAS'!C4 -> NUR SHUHAIRULNADWA BINTI AHMAD
